DATA_PREGAO,OURO
2020-12-31,1905.8
2020-12-30,1904.0
2020-12-29,1893.4
2020-12-28,1890.8
2020-12-24,1893.1
2020-12-23,1887.6
2020-12-22,1880.0
2020-12-21,1892.2
2020-12-18,1898.2
2020-12-17,1899.5
2020-12-16,1867.9
2020-12-15,1864.9
2020-12-14,1841.9
2020-12-11,1853.1
2020-12-10,1846.9
2020-12-09,1847.7
2020-12-08,1884.2
2020-12-07,1875.3
2020-12-04,1849.0
2020-12-03,1849.0
2020-12-02,1838.4
2020-12-01,1827.8
2020-11-30,1790.2
2020-11-27,1797.5
2020-11-26,1807.0
2020-11-25,1820.2
2020-11-24,1820.6
2020-11-23,1854.3
2020-11-20,1888.2
2020-11-19,1877.4
2020-11-18,1889.5
2020-11-17,1902.6
2020-11-16,1906.0
2020-11-13,1906.3
2020-11-12,1893.5
2020-11-11,1881.1
2020-11-10,1896.9
2020-11-09,1874.5
2020-11-06,1973.0
2020-11-05,1967.3
2020-11-04,1916.1
2020-11-03,1930.1
2020-11-02,1912.5
2020-10-30,1899.9
2020-10-29,1888.2
2020-10-28,1900.0
2020-10-27,1932.9
2020-10-26,1927.1
2020-10-23,1926.4
2020-10-22,1925.7
2020-10-21,1950.3
2020-10-20,1936.3
2020-10-19,1933.0
2020-10-16,1928.3
2020-10-15,1930.8
2020-10-14,1929.8
2020-10-13,1916.7
2020-10-12,1950.7
2020-10-09,1947.8
2020-10-08,1916.8
2020-10-07,1911.6
2020-10-06,1928.3
2020-10-05,1939.0
2020-10-02,1926.6
2020-10-01,1935.4
2020-09-30,1914.6
2020-09-29,1922.1
2020-09-28,1901.0
2020-09-25,1884.8
2020-09-24,1894.9
2020-09-23,1887.0
2020-09-22,1927.5
2020-09-21,1930.0
2020-09-18,1981.9
2020-09-17,1969.3
2020-09-16,1990.7
2020-09-15,1986.4
2020-09-14,1983.9
2020-09-11,1967.4
2020-09-10,1983.2
2020-09-09,1972.9
2020-09-08,1961.8
2020-09-07,1937.1
2020-09-06,1940.65
2020-09-04,1952.8
2020-09-03,1956.0
2020-09-02,1964.5
2020-09-01,1998.8
2020-08-31,1999.1
2020-08-28,1993.2
2020-08-27,1953.1
2020-08-26,1974.4
2020-08-25,1945.2
2020-08-24,1962.3
2020-08-21,1969.6
2020-08-20,1969.5
2020-08-19,1992.5
2020-08-18,2036.2
2020-08-17,2021.6
2020-08-14,1976.8
2020-08-13,1998.3
2020-08-12,1976.5
2020-08-11,1976.1
2020-08-10,2072.4
2020-08-07,2061.4
2020-08-06,2103.2
2020-08-05,2081.7
2020-08-04,2052.6
2020-08-03,2017.7
2020-07-31,2017.1
2020-07-30,1997.7
2020-07-29,2007.7
2020-07-28,1996.6
2020-07-27,1988.3
2020-07-24,1957.5
2020-07-23,1947.2
2020-07-22,1919.0
2020-07-21,1891.9
2020-07-20,1860.8
2020-07-17,1854.3
2020-07-16,1847.4
2020-07-15,1862.8
2020-07-14,1862.7
2020-07-13,1864.8
2020-07-10,1852.0
2020-07-09,1854.0
2020-07-08,1871.2
2020-07-07,1851.8
2020-07-06,1830.8
2020-07-03,1787.6
2020-07-02,1825.0
2020-07-01,1814.8
2020-06-30,1833.2
2020-06-29,1812.6
2020-06-26,1810.8
2020-06-25,1800.9
2020-06-24,1805.1
2020-06-23,1809.7
2020-06-22,1794.7
2020-06-19,1782.1
2020-06-18,1761.9
2020-06-17,1767.4
2020-06-16,1768.2
2020-06-15,1758.5
2020-06-12,1768.1
2020-06-11,1771.3
2020-06-10,1753.5
2020-06-09,1755.0
2020-06-08,1738.5
2020-06-05,1716.0
2020-06-04,1759.3
2020-06-03,1732.8
2020-06-02,1759.6
2020-06-01,1773.7
2020-05-29,1773.8
2020-05-28,1750.3
2020-05-27,1746.8
2020-05-26,1745.9
2020-05-25,1727.0
2020-05-24,1730.65
2020-05-22,1770.8
2020-05-21,1756.4
2020-05-20,1788.2
2020-05-19,1780.4
2020-05-18,1767.9
2020-05-15,1786.2
2020-05-14,1770.9
2020-05-13,1747.1
2020-05-12,1738.5
2020-05-11,1731.5
2020-05-08,1748.3
2020-05-07,1757.6
2020-05-06,1718.4
2020-05-05,1740.5
2020-05-04,1737.7
2020-05-01,1717.8
2020-04-30,1709.9
2020-04-29,1727.0
2020-04-28,1735.4
2020-04-27,1735.5
2020-04-24,1745.6
2020-04-23,1754.5
2020-04-22,1746.5
2020-04-21,1694.9
2020-04-20,1718.0
2020-04-17,1705.6
2020-04-16,1739.4
2020-04-15,1748.2
2020-04-14,1773.5
2020-04-13,1764.6
2020-04-10,1740.6
2020-04-09,1755.4
2020-04-08,1685.8
2020-04-07,1685.4
2020-04-06,1696.0
2020-04-03,1650.1
2020-04-02,1642.7
2020-04-01,1597.6
2020-03-31,1602.7
2020-03-30,1649.3
2020-03-27,1661.0
2020-03-26,1668.3
2020-03-25,1639.0
2020-03-24,1669.2
2020-03-23,1588.3
2020-03-20,1501.4
2020-03-19,1497.2
2020-03-18,1494.6
2020-03-17,1541.1
2020-03-16,1500.0
2020-03-13,1532.2
2020-03-12,1606.5
2020-03-11,1658.3
2020-03-10,1676.6
2020-03-09,1691.5
2020-03-06,1691.6
2020-03-05,1690.5
2020-03-04,1666.9
2020-03-03,1670.0
2020-03-02,1620.6
2020-02-28,1596.6
2020-02-27,1676.4
2020-02-26,1678.2
2020-02-25,1686.4
2020-02-24,1713.5
2020-02-21,1686.3
2020-02-20,1658.0
2020-02-19,1649.5
2020-02-18,1641.1
2020-02-17,1587.05
2020-02-16,1586.25
2020-02-14,1624.1
2020-02-13,1617.0
2020-02-12,1609.8
2020-02-11,1608.8
2020-02-10,1618.2
2020-02-07,1612.8
2020-02-06,1609.5
2020-02-05,1602.2
2020-02-04,1595.0
2020-02-03,1621.0
2020-01-31,1626.1
2020-01-30,1627.3
2020-01-29,1614.5
2020-01-28,1613.2
2020-01-27,1620.8
2020-01-24,1615.4
2020-01-23,1608.3
2020-01-22,1599.7
2020-01-21,1601.0
2020-01-20,1561.25
2020-01-19,1557.05
2020-01-17,1603.4
2020-01-16,1593.0
2020-01-15,1596.6
2020-01-14,1587.5
2020-01-13,1593.7
2020-01-10,1603.3
2020-01-09,1597.8
2020-01-08,1603.8
2020-01-07,1618.7
2020-01-06,1613.3
2020-01-03,1596.4
2020-01-02,1572.1
2020-01-01,1520.95
2019-12-31,1567.6
2019-12-30,1562.3
2019-12-27,1561.2
2019-12-26,1557.1
2019-12-25,1504.05
2019-12-24,1547.3
2019-12-23,1531.2
2019-12-20,1523.1
2019-12-19,1526.6
2019-12-18,1521.0
2019-12-17,1523.5
2019-12-16,1523.2
2019-12-13,1523.0
2019-12-12,1513.6
2019-12-11,1515.8
2019-12-10,1508.9
2019-12-09,1505.6
2019-12-06,1504.2
2019-12-05,1521.7
2019-12-04,1518.7
2019-12-03,1522.8
2019-12-02,1507.3
2019-11-29,1510.7
2019-11-28,1462.25
2019-11-27,1498.5
2019-11-26,1504.7
2019-11-25,1501.8
2019-11-22,1508.0
2019-11-21,1507.6
2019-11-20,1518.1
2019-11-19,1519.2
2019-11-18,1516.9
2019-11-15,1513.6
2019-11-14,1518.5
2019-11-13,1508.5
2019-11-12,1498.6
2019-11-11,1502.3
2019-11-08,1510.4
2019-11-07,1511.7
2019-11-06,1537.4
2019-11-05,1528.0
2019-11-04,1554.8
2019-11-01,1554.4
2019-10-31,1556.9
2019-10-30,1539.4
2019-10-29,1533.5
2019-10-28,1538.7
2019-10-25,1547.7
2019-10-24,1546.2
2019-10-23,1537.1
2019-10-22,1528.8
2019-10-21,1529.3
2019-10-18,1535.0
2019-10-17,1539.8
2019-10-16,1535.4
2019-10-15,1525.1
2019-10-14,1539.1
2019-10-11,1529.8
2019-10-10,1540.9
2019-10-09,1552.3
2019-10-08,1543.1
2019-10-07,1543.7
2019-10-04,1551.9
2019-10-03,1552.5
2019-10-02,1549.0
2019-10-01,1530.2
2019-09-30,1514.5
2019-09-27,1548.3
2019-09-26,1552.3
2019-09-25,1549.3
2019-09-24,1577.4
2019-09-23,1568.9
2019-09-20,1552.6
2019-09-19,1543.2
2019-09-18,1552.9
2019-09-17,1550.9
2019-09-16,1549.1
2019-09-13,1537.3
2019-09-12,1544.1
2019-09-11,1538.3
2019-09-10,1534.0
2019-09-09,1545.5
2019-09-06,1549.2
2019-09-05,1558.8
2019-09-04,1593.3
2019-09-03,1589.1
2019-09-02,1535.15
2019-09-01,1538.05
2019-08-30,1563.1
2019-08-29,1569.9
2019-08-28,1581.2
2019-08-27,1584.5
2019-08-26,1569.8
2019-08-23,1570.2
2019-08-22,1541.1
2019-08-21,1548.2
2019-08-20,1548.0
2019-08-19,1544.0
2019-08-16,1556.2
2019-08-15,1563.7
2019-08-14,1561.0
2019-08-13,1547.7
2019-08-12,1550.0
2019-08-09,1541.5
2019-08-08,1542.0
2019-08-07,1551.6
2019-08-06,1516.7
2019-08-05,1509.6
2019-08-02,1492.3
2019-08-01,1468.5
2019-07-31,1473.3
2019-07-30,1477.3
2019-07-29,1468.5
2019-07-26,1467.2
2019-07-25,1461.2
2019-07-24,1469.7
2019-07-23,1467.6
2019-07-22,1472.8
2019-07-19,1472.3
2019-07-18,1474.0
2019-07-17,1469.3
2019-07-16,1456.6
2019-07-15,1458.4
2019-07-12,1457.0
2019-07-11,1451.4
2019-07-10,1456.6
2019-07-09,1444.4
2019-07-08,1443.4
2019-07-05,1442.7
2019-07-04,1423.55
2019-07-03,1462.1
2019-07-02,1448.9
2019-07-01,1429.7
2019-06-28,1452.9
2019-06-27,1450.6
2019-06-26,1453.9
2019-06-25,1457.4
2019-06-24,1457.0
2019-06-21,1439.0
2019-06-20,1436.0
2019-06-19,1391.2
2019-06-18,1394.8
2019-06-17,1387.0
2019-06-14,1388.9
2019-06-13,1388.1
2019-06-12,1381.2
2019-06-11,1376.4
2019-06-10,1374.3
2019-06-07,1389.3
2019-06-06,1385.9
2019-06-05,1377.6
2019-06-04,1373.9
2019-06-03,1372.9
2019-05-31,1357.5
2019-05-30,1341.4
2019-05-29,1326.5
2019-05-28,1323.3
2019-05-27,1284.95
2019-05-26,1284.15
2019-05-24,1330.1
2019-05-23,1331.8
2019-05-22,1321.3
2019-05-21,1320.1
2019-05-20,1324.2
2019-05-17,1322.5
2019-05-16,1333.1
2019-05-15,1344.5
2019-05-14,1343.4
2019-05-13,1350.2
2019-05-10,1337.2
2019-05-09,1335.1
2019-05-08,1331.4
2019-05-07,1335.8
2019-05-06,1334.0
2019-05-03,1331.7
2019-05-02,1322.2
2019-05-01,1334.2
2019-04-30,1335.7
2019-04-29,1331.6
2019-04-26,1339.2
2019-04-25,1330.2
2019-04-24,1329.9
2019-04-23,1323.8
2019-04-22,1328.5
2019-04-19,1277.9
2019-04-18,1326.9
2019-04-17,1327.6
2019-04-16,1328.1
2019-04-15,1342.4
2019-04-12,1346.3
2019-04-11,1343.4
2019-04-10,1363.9
2019-04-09,1358.4
2019-04-08,1351.9
2019-04-05,1345.2
2019-04-04,1343.5
2019-04-03,1344.0
2019-04-02,1343.9
2019-04-01,1342.7
2019-03-29,1346.0
2019-03-28,1342.4
2019-03-27,1363.8
2019-03-26,1369.3
2019-03-25,1378.1
2019-03-22,1369.3
2019-03-21,1364.5
2019-03-20,1359.5
2019-03-19,1364.7
2019-03-18,1359.4
2019-03-15,1360.6
2019-03-14,1352.9
2019-03-13,1368.1
2019-03-12,1356.6
2019-03-11,1350.0
2019-03-08,1358.5
2019-03-07,1344.9
2019-03-06,1346.5
2019-03-05,1343.5
2019-03-04,1346.3
2019-03-01,1358.3
2019-02-28,1375.3
2019-02-27,1380.5
2019-02-26,1387.9
2019-02-25,1389.0
2019-02-22,1392.5
2019-02-21,1387.2
2019-02-20,1406.7
2019-02-19,1403.9
2019-02-18,1329.55
2019-02-17,1324.25
2019-02-15,1381.2
2019-02-14,1373.2
2019-02-13,1374.6
2019-02-12,1373.2
2019-02-11,1371.2
2019-02-08,1377.8
2019-02-07,1373.6
2019-02-06,1373.8
2019-02-05,1378.6
2019-02-04,1378.3
2019-02-01,1381.1
2019-01-31,1384.0
2019-01-30,1375.9
2019-01-29,1375.6
2019-01-28,1369.8
2019-01-25,1364.0
2019-01-24,1344.9
2019-01-23,1349.3
2019-01-22,1348.4
2019-01-21,1279.05
2019-01-20,1282.05
2019-01-18,1348.1
2019-01-17,1357.9
2019-01-16,1359.3
2019-01-15,1353.7
2019-01-14,1357.2
2019-01-11,1355.4
2019-01-10,1353.0
2019-01-09,1357.3
2019-01-08,1351.1
2019-01-07,1355.2
2019-01-04,1351.0
2019-01-03,1359.8
2019-01-02,1349.5
2019-01-01,1283.35
2018-12-31,1347.1
2018-12-28,1348.3
2018-12-27,1346.5
2018-12-26,1338.3
2018-12-25,1270.75
2018-12-24,1337.0
2018-12-21,1323.1
2018-12-20,1333.1
2018-12-19,1321.3
2018-12-18,1318.5
2018-12-17,1317.4
2018-12-14,1307.0
2018-12-13,1313.2
2018-12-12,1315.8
2018-12-11,1312.9
2018-12-10,1314.8
2018-12-07,1319.5
2018-12-06,1310.2
2018-12-05,1309.6
2018-12-04,1313.6
2018-12-03,1306.4
2018-11-30,1292.7
2018-11-29,1297.0
2018-11-28,1296.4
2018-11-27,1286.5
2018-11-26,1295.8
2018-11-23,1296.1
2018-11-22,1228.0
2018-11-21,1300.8
2018-11-20,1293.4
2018-11-19,1297.5
2018-11-16,1294.9
2018-11-15,1287.6
2018-11-14,1283.2
2018-11-13,1274.7
2018-11-12,1276.8
2018-11-09,1282.2
2018-11-08,1299.3
2018-11-07,1302.8
2018-11-06,1300.4
2018-11-05,1306.4
2018-11-02,1307.3
2018-11-01,1312.2
2018-10-31,1288.2
2018-10-30,1298.9
2018-10-29,1301.1
2018-10-26,1309.7
2018-10-25,1306.7
2018-10-24,1305.5
2018-10-23,1312.0
2018-10-22,1299.8
2018-10-19,1303.8
2018-10-18,1305.1
2018-10-17,1301.9
2018-10-16,1305.8
2018-10-15,1305.4
2018-10-12,1296.3
2018-10-11,1302.3
2018-10-10,1267.7
2018-10-09,1265.8
2018-10-08,1262.9
2018-10-05,1280.2
2018-10-04,1275.5
2018-10-03,1276.7
2018-10-02,1280.7
2018-10-01,1264.4
2018-09-28,1268.7
2018-09-27,1259.8
2018-09-26,1271.8
2018-09-25,1278.2
2018-09-24,1277.4
2018-09-21,1274.3
2018-09-20,1284.4
2018-09-19,1281.5
2018-09-18,1275.7
2018-09-17,1278.4
2018-09-14,1273.8
2018-09-13,1281.0
2018-09-12,1283.9
2018-09-11,1274.4
2018-09-10,1271.6
2018-09-07,1272.1
2018-09-06,1275.7
2018-09-05,1272.6
2018-09-04,1270.2
2018-09-03,1206.3
2018-09-02,1204.9
2018-08-31,1277.7
2018-08-30,1276.1
2018-08-29,1283.3
2018-08-28,1286.4
2018-08-27,1288.0
2018-08-24,1285.0
2018-08-23,1265.2
2018-08-22,1275.8
2018-08-21,1272.8
2018-08-20,1267.5
2018-08-17,1258.1
2018-08-16,1258.0
2018-08-15,1259.7
2018-08-14,1275.9
2018-08-13,1274.1
2018-08-10,1294.6
2018-08-09,1295.8
2018-08-08,1296.8
2018-08-07,1294.2
2018-08-06,1293.6
2018-08-03,1299.4
2018-08-02,1296.2
2018-08-01,1304.0
2018-07-31,1309.8
2018-07-30,1307.7
2018-07-27,1309.0
2018-07-26,1311.5
2018-07-25,1316.7
2018-07-24,1310.8
2018-07-23,1310.7
2018-07-20,1316.8
2018-07-19,1310.4
2018-07-18,1315.0
2018-07-17,1314.6
2018-07-16,1327.5
2018-07-13,1329.0
2018-07-12,1335.2
2018-07-11,1333.1
2018-07-10,1344.9
2018-07-09,1348.8
2018-07-06,1344.6
2018-07-05,1347.4
2018-07-04,1258.1
2018-07-03,1342.2
2018-07-02,1329.7
2018-06-29,1343.7
2018-06-28,1340.0
2018-06-27,1345.5
2018-06-26,1350.0
2018-06-25,1359.6
2018-06-22,1361.7
2018-06-21,1361.4
2018-06-20,1365.7
2018-06-19,1369.6
2018-06-18,1371.5
2018-06-15,1369.7
2018-06-14,1401.0
2018-06-13,1393.9
2018-06-12,1392.2
2018-06-11,1395.9
2018-06-08,1394.8
2018-06-07,1394.8
2018-06-06,1393.9
2018-06-05,1394.5
2018-06-04,1389.5
2018-06-01,1390.1
2018-05-31,1395.0
2018-05-30,1396.7
2018-05-29,1393.7
2018-05-28,1297.6
2018-05-27,1298.3
2018-05-25,1403.2
2018-05-24,1404.2
2018-05-23,1389.2
2018-05-22,1392.1
2018-05-21,1391.1
2018-05-18,1391.3
2018-05-17,1390.0
2018-05-16,1392.1
2018-05-15,1389.8
2018-05-14,1417.9
2018-05-11,1420.4
2018-05-10,1422.1
2018-05-09,1413.0
2018-05-08,1413.8
2018-05-07,1414.2
2018-05-04,1414.7
2018-05-03,1412.4
2018-05-02,1405.3
2018-05-01,1406.4
2018-04-30,1419.1
2018-04-27,1423.6
2018-04-26,1418.0
2018-04-25,1422.9
2018-04-24,1433.1
2018-04-23,1424.0
2018-04-20,1438.2
2018-04-19,1448.8
2018-04-18,1453.5
2018-04-17,1449.3
2018-04-16,1450.6
2018-04-13,1447.9
2018-04-12,1441.4
2018-04-11,1460.0
2018-04-10,1445.5
2018-04-09,1439.6
2018-04-06,1435.9
2018-04-05,1428.1
2018-04-04,1439.7
2018-04-03,1436.5
2018-04-02,1445.8
2018-03-29,1426.0
2018-03-28,1428.9
2018-03-27,1447.8
2018-03-26,1461.0
2018-03-23,1455.0
2018-03-22,1432.2
2018-03-21,1426.6
2018-03-20,1416.2
2018-03-19,1421.7
2018-03-16,1416.3
2018-03-15,1421.7
2018-03-14,1429.7
2018-03-13,1431.4
2018-03-12,1424.8
2018-03-09,1428.0
2018-03-08,1423.7
2018-03-07,1427.9
2018-03-06,1435.9
2018-03-05,1420.5
2018-03-02,1424.2
2018-03-01,1406.0
2018-02-28,1419.2
2018-02-27,1419.6
2018-02-26,1433.1
2018-02-23,1429.0
2018-02-22,1431.4
2018-02-21,1430.6
2018-02-20,1428.4
2018-02-19,1347.8
2018-02-18,1350.5
2018-02-16,1452.8
2018-02-15,1451.5
2018-02-14,1452.9
2018-02-13,1424.8
2018-02-12,1420.9
2018-02-09,1410.1
2018-02-08,1414.8
2018-02-07,1410.7
2018-02-06,1425.4
2018-02-05,1432.9
2018-02-02,1434.6
2018-02-01,1445.1
2018-01-31,1439.4
2018-01-30,1436.2
2018-01-29,1441.3
2018-01-26,1453.7
2018-01-25,1463.1
2018-01-24,1456.3
2018-01-23,1434.2
2018-01-22,1429.6
2018-01-19,1425.9
2018-01-18,1419.0
2018-01-17,1431.0
2018-01-16,1428.1
2018-01-15,1341.8
2018-01-14,1337.4
2018-01-12,1425.7
2018-01-11,1411.4
2018-01-10,1408.3
2018-01-09,1401.3
2018-01-08,1407.4
2018-01-05,1408.3
2018-01-04,1407.3
2018-01-03,1404.0
2018-01-02,1400.1
2018-01-01,1308.7
2017-12-29,1391.9
2017-12-28,1379.4
2017-12-27,1372.3
2017-12-26,1368.5
2017-12-25,1277.9
2017-12-22,1359.8
2017-12-21,1351.3
2017-12-20,1350.4
2017-12-19,1344.8
2017-12-18,1345.6
2017-12-15,1337.4
2017-12-14,1337.2
2017-12-13,1328.7
2017-12-12,1321.9
2017-12-11,1326.8
2017-12-08,1328.1
2017-12-07,1333.0
2017-12-06,1346.2
2017-12-05,1345.1
2017-12-04,1358.0
2017-12-01,1362.8
2017-11-30,1357.3
2017-11-29,1366.4
2017-11-28,1379.0
2017-11-27,1378.7
2017-11-24,1371.6
2017-11-23,1291.66
2017-11-22,1376.4
2017-11-21,1364.8
2017-11-20,1357.6
2017-11-17,1378.0
2017-11-16,1359.4
2017-11-15,1358.7
2017-11-14,1364.2
2017-11-13,1360.4
2017-11-10,1354.5
2017-11-09,1366.8
2017-11-08,1362.3
2017-11-07,1353.9
2017-11-06,1359.7
2017-11-03,1346.9
2017-11-02,1355.4
2017-11-01,1354.6
2017-10-31,1347.7
2017-10-30,1354.9
2017-10-27,1349.1
2017-10-26,1346.5
2017-10-25,1355.5
2017-10-24,1354.2
2017-10-23,1356.9
2017-10-20,1356.2
2017-10-19,1365.9
2017-10-18,1359.3
2017-10-17,1362.5
2017-10-16,1379.7
2017-10-13,1380.4
2017-10-12,1372.3
2017-10-11,1364.5
2017-10-10,1369.4
2017-10-09,1360.4
2017-10-06,1350.0
2017-10-05,1348.3
2017-10-04,1351.0
2017-10-03,1348.8
2017-10-02,1350.1
2017-09-29,1357.6
2017-09-28,1361.3
2017-09-27,1360.7
2017-09-26,1374.1
2017-09-25,1383.5
2017-09-22,1369.4
2017-09-21,1366.7
2017-09-20,1388.3
2017-09-19,1382.6
2017-09-18,1380.3
2017-09-15,1395.1
2017-09-14,1399.2
2017-09-13,1396.7
2017-09-12,1401.8
2017-09-11,1404.1
2017-09-08,1419.3
2017-09-07,1418.0
2017-09-06,1405.9
2017-09-05,1411.2
2017-09-04,1338.08
2017-09-03,1341.22
2017-09-01,1397.1
2017-08-31,1388.5
2017-08-30,1380.9
2017-08-29,1385.7
2017-08-28,1382.6
2017-08-25,1364.8
2017-08-24,1358.9
2017-08-23,1361.7
2017-08-22,1358.6
2017-08-21,1364.1
2017-08-18,1358.8
2017-08-17,1359.9
2017-08-16,1350.8
2017-08-15,1347.5
2017-08-14,1358.1
2017-08-11,1361.4
2017-08-10,1357.8
2017-08-09,1347.0
2017-08-08,1330.4
2017-08-07,1332.0
2017-08-04,1331.7
2017-08-03,1341.6
2017-08-02,1345.5
2017-08-01,1346.3
2017-07-31,1340.7
2017-07-28,1342.6
2017-07-27,1333.7
2017-07-26,1322.4
2017-07-25,1323.2
2017-07-24,1325.4
2017-07-21,1325.9
2017-07-20,1317.1
2017-07-19,1313.7
2017-07-18,1313.5
2017-07-17,1305.4
2017-07-14,1298.8
2017-07-13,1288.5
2017-07-12,1291.2
2017-07-11,1287.7
2017-07-10,1286.0
2017-07-07,1282.4
2017-07-06,1296.7
2017-07-05,1293.9
2017-07-04,1227.55
2017-07-03,1290.9
2017-06-30,1314.0
2017-06-29,1317.7
2017-06-28,1320.8
2017-06-27,1318.4
2017-06-26,1317.7
2017-06-23,1327.7
2017-06-22,1320.4
2017-06-21,1317.1
2017-06-20,1315.2
2017-06-19,1318.8
2017-06-16,1328.5
2017-06-15,1326.8
2017-06-14,1348.2
2017-06-13,1341.2
2017-06-12,1341.5
2017-06-09,1343.9
2017-06-08,1351.9
2017-06-07,1365.6
2017-06-06,1370.0
2017-06-05,1355.6
2017-06-02,1353.1
2017-06-01,1343.2
2017-05-31,1348.5
2017-05-30,1339.1
2017-05-29,1266.69
2017-05-28,1268.22
2017-05-26,1344.8
2017-05-25,1333.3
2017-05-24,1329.7
2017-05-23,1332.1
2017-05-22,1338.0
2017-05-19,1329.9
2017-05-18,1329.2
2017-05-17,1336.2
2017-05-16,1314.4
2017-05-15,1308.0
2017-05-12,1305.7
2017-05-11,1302.9
2017-05-10,1297.6
2017-05-09,1295.1
2017-05-08,1306.1
2017-05-05,1305.8
2017-05-04,1307.4
2017-05-03,1327.6
2017-05-02,1336.1
2017-05-01,1334.6
2017-04-28,1347.1
2017-04-27,1344.7
2017-04-26,1343.0
2017-04-25,1346.0
2017-04-24,1355.8
2017-04-21,1367.0
2017-04-20,1361.7
2017-04-19,1360.5
2017-04-18,1370.9
2017-04-17,1369.8
2017-04-14,1289.65
2017-04-13,1366.7
2017-04-12,1357.3
2017-04-11,1353.4
2017-04-10,1333.3
2017-04-07,1336.8
2017-04-06,1332.4
2017-04-05,1327.5
2017-04-04,1336.8
2017-04-03,1332.7
2017-03-31,1329.8
2017-03-30,1326.7
2017-03-29,1335.5
2017-03-28,1337.5
2017-03-27,1337.4
2017-03-24,1330.4
2017-03-23,1328.5
2017-03-22,1331.5
2017-03-21,1329.0
2017-03-20,1317.2
2017-03-17,1313.6
2017-03-16,1310.7
2017-03-15,1284.3
2017-03-14,1286.3
2017-03-13,1286.6
2017-03-10,1284.0
2017-03-09,1285.7
2017-03-08,1291.9
2017-03-07,1297.7
2017-03-06,1307.3
2017-03-03,1308.8
2017-03-02,1313.9
2017-03-01,1331.1
2017-02-28,1334.3
2017-02-27,1339.1
2017-02-24,1338.4
2017-02-23,1331.7
2017-02-22,1313.3
2017-02-21,1319.2
2017-02-20,1238.2
2017-02-19,1237.3
2017-02-17,1319.4
2017-02-16,1322.7
2017-02-15,1314.2
2017-02-14,1304.9
2017-02-13,1304.9
2017-02-10,1314.5
2017-02-09,1315.4
2017-02-08,1318.3
2017-02-07,1316.4
2017-02-06,1313.3
2017-02-03,1302.2
2017-02-02,1300.6
2017-02-01,1289.5
2017-01-31,1291.8
2017-01-30,1276.4
2017-01-27,1271.7
2017-01-26,1272.9
2017-01-25,1281.1
2017-01-24,1294.1
2017-01-23,1298.9
2017-01-20,1289.2
2017-01-19,1285.5
2017-01-18,1295.7
2017-01-17,1297.4
2017-01-16,1202.85
2017-01-15,1203.35
2017-01-13,1281.3
2017-01-12,1283.3
2017-01-11,1280.0
2017-01-10,1268.5
2017-01-09,1267.6
2017-01-06,1255.7
2017-01-05,1262.1
2017-01-04,1247.1
2017-01-03,1244.7
2017-01-02,1151.05
2016-12-30,1234.5
2016-12-29,1241.2
2016-12-28,1224.0
2016-12-27,1221.9
2016-12-26,1134.55
2016-12-25,1135.0
2016-12-23,1216.8
2016-12-22,1213.8
2016-12-21,1216.5
2016-12-20,1217.0
2016-12-19,1225.9
2016-12-16,1220.9
2016-12-15,1213.1
2016-12-14,1238.3
2016-12-13,1233.6
2016-12-12,1240.3
2016-12-09,1236.0
2016-12-08,1246.4
2016-12-07,1250.6
2016-12-06,1235.0
2016-12-05,1241.7
2016-12-02,1242.4
2016-12-01,1233.7
2016-11-30,1238.4
2016-11-29,1255.5
2016-11-28,1258.6
2016-11-25,1245.5
2016-11-24,1185.55
2016-11-23,1256.9
2016-11-22,1278.0
2016-11-21,1276.8
2016-11-18,1276.4
2016-11-17,1283.8
2016-11-16,1290.3
2016-11-15,1290.9
2016-11-14,1286.9
2016-11-11,1282.7
2016-11-10,1326.6
2016-11-09,1335.7
2016-11-08,1336.2
2016-11-07,1340.4
2016-11-04,1365.7
2016-11-03,1363.8
2016-11-02,1368.0
2016-11-01,1348.0
2016-10-31,1333.7
2016-10-28,1337.1
2016-10-27,1330.0
2016-10-26,1324.6
2016-10-25,1331.6
2016-10-24,1317.2
2016-10-21,1323.0
2016-10-20,1323.5
2016-10-19,1325.2
2016-10-18,1318.6
2016-10-17,1311.8
2016-10-14,1310.4
2016-10-13,1312.3
2016-10-12,1307.7
2016-10-11,1309.5
2016-10-10,1313.9
2016-10-07,1304.5
2016-10-06,1305.5
2016-10-05,1321.3
2016-10-04,1322.1
2016-10-03,1365.9
2016-09-30,1370.4
2016-09-29,1379.1
2016-09-28,1376.7
2016-09-27,1384.4
2016-09-26,1398.6
2016-09-23,1396.0
2016-09-22,1399.2
2016-09-21,1388.3
2016-09-20,1374.7
2016-09-19,1374.4
2016-09-16,1367.1
2016-09-15,1374.9
2016-09-14,1383.3
2016-09-13,1380.8
2016-09-12,1384.4
2016-09-09,1393.1
2016-09-08,1400.2
2016-09-07,1407.1
2016-09-06,1411.1
2016-09-05,1331.1
2016-09-04,1326.25
2016-09-02,1385.3
2016-09-01,1372.6
2016-08-31,1367.9
2016-08-30,1374.5
2016-08-29,1384.4
2016-08-26,1383.2
2016-08-25,1384.0
2016-08-24,1390.4
2016-08-23,1407.8
2016-08-22,1405.2
2016-08-19,1408.0
2016-08-18,1419.1
2016-08-17,1410.6
2016-08-16,1419.0
2016-08-15,1410.6
2016-08-12,1406.8
2016-08-11,1414.0
2016-08-10,1415.6
2016-08-09,1410.6
2016-08-08,1405.3
2016-08-05,1407.9
2016-08-04,1427.9
2016-08-03,1423.9
2016-08-02,1429.4
2016-08-01,1416.2
2016-07-29,1415.7
2016-07-28,1398.8
2016-07-27,1392.0
2016-07-26,1382.6
2016-07-25,1381.3
2016-07-22,1385.5
2016-07-21,1392.2
2016-07-20,1379.7
2016-07-19,1392.3
2016-07-18,1385.4
2016-07-15,1383.5
2016-07-14,1387.7
2016-07-13,1399.0
2016-07-12,1390.7
2016-07-11,1411.3
2016-07-08,1412.0
2016-07-07,1415.0
2016-07-06,1422.8
2016-07-05,1414.4
2016-07-04,1352.0
2016-07-03,1345.5
2016-07-01,1394.3
2016-06-30,1375.0
2016-06-29,1381.4
2016-06-28,1372.2
2016-06-27,1378.8
2016-06-24,1376.8
2016-06-23,1317.7
2016-06-22,1322.1
2016-06-21,1324.6
2016-06-20,1344.2
2016-06-17,1342.9
2016-06-16,1345.6
2016-06-15,1335.0
2016-06-14,1335.2
2016-06-13,1337.7
2016-06-10,1327.7
2016-06-09,1324.4
2016-06-08,1314.0
2016-06-07,1298.8
2016-06-06,1299.4
2016-06-03,1294.6
2016-06-02,1264.9
2016-06-01,1267.2
2016-05-31,1269.3
2016-05-30,1212.15
2016-05-27,1267.6
2016-05-26,1273.6
2016-05-25,1277.4
2016-05-24,1282.7
2016-05-23,1304.9
2016-05-20,1305.9
2016-05-19,1305.9
2016-05-18,1324.3
2016-05-17,1324.9
2016-05-16,1321.8
2016-05-13,1319.5
2016-05-12,1317.7
2016-05-11,1322.6
2016-05-10,1311.3
2016-05-09,1312.9
2016-05-06,1340.1
2016-05-05,1317.8
2016-05-04,1324.3
2016-05-03,1342.8
2016-05-02,1347.3
2016-04-29,1341.4
2016-04-28,1316.8
2016-04-27,1299.8
2016-04-26,1292.4
2016-04-25,1289.1
2016-04-22,1278.8
2016-04-21,1299.5
2016-04-20,1302.3
2016-04-19,1300.8
2016-04-18,1280.3
2016-04-15,1279.7
2016-04-14,1272.1
2016-04-13,1293.9
2016-04-12,1306.4
2016-04-11,1302.4
2016-04-08,1287.3
2016-04-07,1282.3
2016-04-06,1268.8
2016-04-05,1274.5
2016-04-04,1264.7
2016-04-01,1268.9
2016-03-31,1280.9
2016-03-30,1276.9
2016-03-29,1286.3
2016-03-28,1270.7
2016-03-25,1216.7
2016-03-24,1272.4
2016-03-23,1274.0
2016-03-22,1298.8
2016-03-21,1292.7
2016-03-18,1302.0
2016-03-17,1314.1
2016-03-16,1280.9
2016-03-15,1280.2
2016-03-14,1294.4
2016-03-11,1308.6
2016-03-10,1320.1
2016-03-09,1303.4
2016-03-08,1309.0
2016-03-07,1310.3
2016-03-04,1315.6
2016-03-03,1300.7
2016-03-02,1283.0
2016-03-01,1271.2
2016-02-29,1273.3
2016-02-26,1258.8
2016-02-25,1277.0
2016-02-24,1277.1
2016-02-23,1261.4
2016-02-22,1246.7
2016-02-19,1267.4
2016-02-18,1262.5
2016-02-17,1247.2
2016-02-16,1241.1
2016-02-15,1208.1
2016-02-14,1233.6
2016-02-12,1271.2
2016-02-11,1282.1
2016-02-10,1232.6
2016-02-09,1236.9
2016-02-08,1238.2
2016-02-05,1198.0
2016-02-04,1197.7
2016-02-03,1183.3
2016-02-02,1170.1
2016-02-01,1173.5
2016-01-29,1161.9
2016-01-28,1163.7
2016-01-27,1163.9
2016-01-26,1167.3
2016-01-25,1152.4
2016-01-22,1142.6
2016-01-21,1143.6
2016-01-20,1151.7
2016-01-19,1135.8
2016-01-18,1088.5
2016-01-17,1090.3
2016-01-15,1137.5
2016-01-14,1123.0
2016-01-13,1137.4
2016-01-12,1137.1
2016-01-11,1148.5
2016-01-08,1151.7
2016-01-07,1162.7
2016-01-06,1151.9
2016-01-05,1138.4
2016-01-04,1135.5
2015-12-31,1121.0
2015-12-30,1120.8
2015-12-29,1128.6
2015-12-28,1128.1
2015-12-24,1135.9
2015-12-23,1128.2
2015-12-22,1134.0
2015-12-21,1140.5
2015-12-18,1123.3
2015-12-17,1108.1
2015-12-16,1135.3
2015-12-15,1119.8
2015-12-14,1121.4
2015-12-11,1133.8
2015-12-10,1130.3
2015-12-09,1134.9
2015-12-08,1134.0
2015-12-07,1134.3
2015-12-04,1143.2
2015-12-03,1120.6
2015-12-02,1112.4
2015-12-01,1122.0
2015-11-30,1123.9
2015-11-27,1114.5
2015-11-26,1070.8
2015-11-25,1128.4
2015-11-24,1131.6
2015-11-23,1124.7
2015-11-20,1133.8
2015-11-19,1135.6
2015-11-18,1126.9
2015-11-17,1126.9
2015-11-16,1142.5
2015-11-13,1141.3
2015-11-12,1141.3
2015-11-11,1145.4
2015-11-10,1149.4
2015-11-09,1149.2
2015-11-06,1147.9
2015-11-05,1160.1
2015-11-04,1161.2
2015-11-03,1168.6
2015-11-02,1190.4
2015-10-30,1195.2
2015-10-29,1201.8
2015-10-28,1229.3
2015-10-27,1218.2
2015-10-26,1220.3
2015-10-23,1218.7
2015-10-22,1228.2
2015-10-21,1229.7
2015-10-20,1240.9
2015-10-19,1236.3
2015-10-16,1246.6
2015-10-15,1251.4
2015-10-14,1243.6
2015-10-13,1231.7
2015-10-12,1231.1
2015-10-09,1222.4
2015-10-08,1209.9
2015-10-07,1214.0
2015-10-06,1211.3
2015-10-05,1203.5
2015-10-02,1204.2
2015-10-01,1182.1
2015-09-30,1183.6
2015-09-29,1199.1
2015-09-28,1204.4
2015-09-25,1218.8
2015-09-24,1226.9
2015-09-23,1206.3
2015-09-22,1199.6
2015-09-21,1209.4
2015-09-18,1214.1
2015-09-17,1194.9
2015-09-16,1196.3
2015-09-15,1180.5
2015-09-14,1185.7
2015-09-11,1181.9
2015-09-10,1187.9
2015-09-09,1180.7
2015-09-08,1199.9
2015-09-07,1119.9
2015-09-06,1119.9
2015-09-04,1200.5
2015-09-03,1203.5
2015-09-02,1214.4
2015-09-01,1221.3
2015-08-31,1216.9
2015-08-28,1218.4
2015-08-27,1207.2
2015-08-26,1209.0
2015-08-25,1223.7
2015-08-24,1238.9
2015-08-21,1246.8
2015-08-20,1242.2
2015-08-19,1217.1
2015-08-18,1206.3
2015-08-17,1207.9
2015-08-14,1202.3
2015-08-13,1205.1
2015-08-12,1213.0
2015-08-11,1197.7
2015-08-10,1195.8
2015-08-07,1185.8
2015-08-06,1181.6
2015-08-05,1177.1
2015-08-04,1178.7
2015-08-03,1176.8
2015-07-31,1183.1
2015-07-30,1183.4
2015-07-29,1187.5
2015-07-28,1190.6
2015-07-27,1190.6
2015-07-24,1180.0
2015-07-23,1190.1
2015-07-22,1187.6
2015-07-21,1199.5
2015-07-20,1205.5
2015-07-17,1230.7
2015-07-16,1243.2
2015-07-15,1246.3
2015-07-14,1252.4
2015-07-13,1255.0
2015-07-10,1256.6
2015-07-09,1255.1
2015-07-08,1258.6
2015-07-07,1249.5
2015-07-06,1270.6
2015-07-03,1167.8
2015-07-02,1261.5
2015-07-01,1268.5
2015-06-30,1270.8
2015-06-29,1278.0
2015-06-26,1273.1
2015-06-25,1270.3
2015-06-24,1271.0
2015-06-23,1274.8
2015-06-22,1282.1
2015-06-19,1299.4
2015-06-18,1300.8
2015-06-17,1276.9
2015-06-16,1279.4
2015-06-15,1285.8
2015-06-12,1281.0
2015-06-11,1282.6
2015-06-10,1288.6
2015-06-09,1276.8
2015-06-08,1272.0
2015-06-05,1266.6
2015-06-04,1270.1
2015-06-03,1279.9
2015-06-02,1287.8
2015-06-01,1280.4
2015-05-29,1280.7
2015-05-28,1280.5
2015-05-27,1278.6
2015-05-26,1282.2
2015-05-25,1207.4
2015-05-24,1204.4
2015-05-22,1299.7
2015-05-21,1298.1
2015-05-20,1303.5
2015-05-19,1301.4
2015-05-18,1321.2
2015-05-15,1318.9
2015-05-14,1319.0
2015-05-13,1312.2
2015-05-12,1287.0
2015-05-11,1277.3
2015-05-08,1282.5
2015-05-07,1278.5
2015-05-06,1286.7
2015-05-05,1288.2
2015-05-04,1279.0
2015-05-01,1266.1
2015-04-30,1273.0
2015-04-29,1300.0
2015-04-28,1301.4
2015-04-27,1289.2
2015-04-24,1260.4
2015-04-23,1282.0
2015-04-22,1274.7
2015-04-21,1289.1
2015-04-20,1279.3
2015-04-17,1288.1
2015-04-16,1283.0
2015-04-15,1286.5
2015-04-14,1278.1
2015-04-13,1287.8
2015-04-10,1293.3
2015-04-09,1281.6
2015-04-08,1291.1
2015-04-07,1298.4
2015-04-06,1305.4
2015-04-03,1288.2
2015-04-02,1288.2
2015-04-01,1294.2
2015-03-31,1272.2
2015-03-30,1276.4
2015-03-27,1291.9
2015-03-26,1297.0
2015-03-25,1287.3
2015-03-24,1281.2
2015-03-23,1277.5
2015-03-20,1274.7
2015-03-19,1259.5
2015-03-18,1247.5
2015-03-17,1244.5
2015-03-16,1249.3
2015-03-13,1248.9
2015-03-12,1249.0
2015-03-11,1248.4
2015-03-10,1258.1
2015-03-09,1268.0
2015-03-06,1265.6
2015-03-05,1296.1
2015-03-04,1300.6
2015-03-03,1304.2
2015-03-02,1305.8
2015-02-27,1309.4
2015-02-26,1306.1
2015-02-25,1296.0
2015-02-24,1293.1
2015-02-23,1298.7
2015-02-20,1303.2
2015-02-19,1306.9
2015-02-18,1301.5
2015-02-17,1309.9
2015-02-16,1231.7
2015-02-15,1228.8
2015-02-13,1325.2
2015-02-12,1318.7
2015-02-11,1319.2
2015-02-10,1331.2
2015-02-09,1339.9
2015-02-06,1332.6
2015-02-05,1354.9
2015-02-04,1373.4
2015-02-03,1367.3
2015-02-02,1382.4
2015-01-30,1384.6
2015-01-29,1363.8
2015-01-28,1402.2
2015-01-27,1414.7
2015-01-26,1405.6
2015-01-23,1417.6
2015-01-22,1425.2
2015-01-21,1413.4
2015-01-20,1412.4
2015-01-19,1275.9
2015-01-18,1279.0
2015-01-16,1404.9
2015-01-15,1392.8
2015-01-14,1364.5
2015-01-13,1374.5
2015-01-12,1373.2
2015-01-09,1357.4
2015-01-08,1351.6
2015-01-07,1353.6
2015-01-06,1362.2
2015-01-05,1353.5
2015-01-02,1337.7
2015-01-01,1186.8
2014-12-31,1335.4
2014-12-30,1311.9
2014-12-29,1292.9
2014-12-26,1307.7
2014-12-25,1177.0
2014-12-24,1285.6
2014-12-23,1289.7
2014-12-22,1289.7
2014-12-19,1305.6
2014-12-18,1303.9
2014-12-17,1302.3
2014-12-16,1302.0
2014-12-15,1317.7
2014-12-12,1333.5
2014-12-11,1342.3
2014-12-10,1345.5
2014-12-09,1350.2
2014-12-08,1314.4
2014-12-05,1310.8
2014-12-04,1324.2
2014-12-03,1325.8
2014-12-02,1314.7
2014-12-01,1332.5
2014-11-28,1291.2
2014-11-27,1188.8
2014-11-26,1314.5
2014-11-25,1315.2
2014-11-24,1314.2
2014-11-21,1315.9
2014-11-20,1308.9
2014-11-19,1313.4
2014-11-18,1315.5
2014-11-17,1303.7
2014-11-14,1305.6
2014-11-13,1281.4
2014-11-12,1280.4
2014-11-11,1285.1
2014-11-10,1281.3
2014-11-07,1291.0
2014-11-06,1264.4
2014-11-05,1268.1
2014-11-04,1290.3
2014-11-03,1294.4
2014-10-31,1295.9
2014-10-30,1322.9
2014-10-29,1349.2
2014-10-28,1352.6
2014-10-27,1352.4
2014-10-24,1355.0
2014-10-23,1352.1
2014-10-22,1366.6
2014-10-21,1371.8
2014-10-20,1364.3
2014-10-17,1358.5
2014-10-16,1357.5
2014-10-15,1361.3
2014-10-14,1359.3
2014-10-13,1229.3
2014-10-10,1353.7
2014-10-09,1358.8
2014-10-08,1344.2
2014-10-07,1363.6
2014-10-06,1360.7
2014-10-03,1346.9
2014-10-02,1368.1
2014-10-01,1370.2
2014-09-30,1366.7
2014-09-29,1373.7
2014-09-26,1370.4
2014-09-25,1376.4
2014-09-24,1374.9
2014-09-23,1377.2
2014-09-22,1374.2
2014-09-19,1373.1
2014-09-18,1383.4
2014-09-17,1392.0
2014-09-16,1393.0
2014-09-15,1391.3
2014-09-12,1387.8
2014-09-11,1395.4
2014-09-10,1402.0
2014-09-09,1404.6
2014-09-08,1410.2
2014-09-05,1423.2
2014-09-04,1422.3
2014-09-03,1425.5
2014-09-02,1419.0
2014-09-01,1287.4
2014-08-31,1287.7
2014-08-29,1440.6
2014-08-28,1443.8
2014-08-27,1436.9
2014-08-26,1439.3
2014-08-25,1433.1
2014-08-22,1434.1
2014-08-21,1429.2
2014-08-20,1449.0
2014-08-19,1449.0
2014-08-18,1452.8
2014-08-15,1459.4
2014-08-14,1469.1
2014-08-13,1467.9
2014-08-12,1465.3
2014-08-11,1465.5
2014-08-08,1465.9
2014-08-07,1467.3
2014-08-06,1462.7
2014-08-05,1439.0
2014-08-04,1441.9
2014-08-01,1451.1
2014-07-31,1441.5
2014-07-30,1456.1
2014-07-29,1456.7
2014-07-28,1462.0
2014-07-25,1460.3
2014-07-24,1447.3
2014-07-23,1460.3
2014-07-22,1461.6
2014-07-21,1469.6
2014-07-18,1464.7
2014-07-17,1472.1
2014-07-16,1454.9
2014-07-15,1451.3
2014-07-14,1460.7
2014-07-11,1492.9
2014-07-10,1494.7
2014-07-09,1479.7
2014-07-08,1471.4
2014-07-07,1472.0
2014-07-04,1321.3
2014-07-03,1475.6
2014-07-02,1484.8
2014-07-01,1480.2
2014-06-30,1475.1
2014-06-27,1319.0
2014-06-26,1316.1
2014-06-25,1322.2
2014-06-24,1320.9
2014-06-23,1318.0
2014-06-20,1316.2
2014-06-19,1313.7
2014-06-18,1272.4
2014-06-17,1271.7
2014-06-16,1274.9
2014-06-13,1273.7
2014-06-12,1273.6
2014-06-11,1260.8
2014-06-10,1259.8
2014-06-09,1253.5
2014-06-06,1252.1
2014-06-05,1253.0
2014-06-04,1244.0
2014-06-03,1244.3
2014-06-02,1243.7
2014-05-30,1245.6
2014-05-29,1256.3
2014-05-28,1259.3
2014-05-27,1265.4
2014-05-26,1292.5
2014-05-25,1291.7
2014-05-23,1291.6
2014-05-22,1294.9
2014-05-21,1288.0
2014-05-20,1294.5
2014-05-19,1293.7
2014-05-16,1293.3
2014-05-15,1293.5
2014-05-14,1305.7
2014-05-13,1294.6
2014-05-12,1295.6
2014-05-09,1287.3
2014-05-08,1287.4
2014-05-07,1288.6
2014-05-06,1308.3
2014-05-05,1309.0
2014-05-02,1302.6
2014-05-01,1283.1
2014-04-30,1295.6
2014-04-29,1296.0
2014-04-28,1298.9
2014-04-25,1300.7
2014-04-24,1290.5
2014-04-23,1284.2
2014-04-22,1280.6
2014-04-21,1288.0
2014-04-17,1293.4
2014-04-16,1303.1
2014-04-15,1300.0
2014-04-14,1327.2
2014-04-11,1318.7
2014-04-10,1320.1
2014-04-09,1305.5
2014-04-08,1308.7
2014-04-07,1298.0
2014-04-04,1303.2
2014-04-03,1284.4
2014-04-02,1290.5
2014-04-01,1279.6
2014-03-31,1283.4
2014-03-28,1293.8
2014-03-27,1294.7
2014-03-26,1303.4
2014-03-25,1311.4
2014-03-24,1311.2
2014-03-21,1336.0
2014-03-20,1330.5
2014-03-19,1341.4
2014-03-18,1359.0
2014-03-17,1372.9
2014-03-14,1379.0
2014-03-13,1372.2
2014-03-12,1370.3
2014-03-11,1346.5
2014-03-10,1341.4
2014-03-07,1338.1
2014-03-06,1351.7
2014-03-05,1340.2
2014-03-04,1337.8
2014-03-03,1350.1
2014-02-28,1321.4
2014-02-27,1331.6
2014-02-26,1328.2
2014-02-25,1343.0
2014-02-24,1338.3
2014-02-21,1323.9
2014-02-20,1317.1
2014-02-19,1320.6
2014-02-18,1324.7
2014-02-17,1328.5
2014-02-14,1319.0
2014-02-13,1300.4
2014-02-12,1295.3
2014-02-11,1290.1
2014-02-10,1274.8
2014-02-07,1263.3
2014-02-06,1257.6
2014-02-05,1257.3
2014-02-04,1251.7
2014-02-03,1260.4
2014-01-31,1240.1
2014-01-30,1242.2
2014-01-29,1262.2
2014-01-28,1251.0
2014-01-27,1263.6
2014-01-24,1264.5
2014-01-23,1262.6
2014-01-22,1239.0
2014-01-21,1242.3
2014-01-20,1255.1
2014-01-17,1251.7
2014-01-16,1240.0
2014-01-15,1238.1
2014-01-14,1245.2
2014-01-13,1250.9
2014-01-10,1246.7
2014-01-09,1229.3
2014-01-08,1225.3
2014-01-07,1229.4
2014-01-06,1237.8
2014-01-03,1238.4
2014-01-02,1225.0
2014-01-01,1205.4
2013-12-31,1201.9
2013-12-30,1203.1
2013-12-27,1216.1
2013-12-26,1214.1
2013-12-24,1205.1
2013-12-23,1198.4
2013-12-20,1205.1
2013-12-19,1195.0
2013-12-18,1236.1
2013-12-17,1231.2
2013-12-16,1245.5
2013-12-13,1235.7
2013-12-12,1226.0
2013-12-11,1258.5
2013-12-10,1262.4
2013-12-09,1235.3
2013-12-06,1230.3
2013-12-05,1233.2
2013-12-04,1248.2
2013-12-03,1221.7
2013-12-02,1222.3
2013-11-29,1250.6
2013-11-28,1243.8
2013-11-27,1237.8
2013-11-26,1241.4
2013-11-25,1241.1
2013-11-22,1244.0
2013-11-21,1243.5
2013-11-20,1257.9
2013-11-19,1273.4
2013-11-18,1272.2
2013-11-15,1287.3
2013-11-14,1286.2
2013-11-13,1268.3
2013-11-12,1271.1
2013-11-11,1281.0
2013-11-08,1284.5
2013-11-07,1308.4
2013-11-06,1317.7
2013-11-05,1308.0
2013-11-04,1314.6
2013-11-01,1313.1
2013-10-31,1323.6
2013-10-30,1349.0
2013-10-29,1345.2
2013-10-28,1352.0
2013-10-25,1352.4
2013-10-24,1350.2
2013-10-23,1333.9
2013-10-22,1342.5
2013-10-21,1315.7
2013-10-18,1314.4
2013-10-17,1322.7
2013-10-16,1282.0
2013-10-15,1273.0
2013-10-14,1276.4
2013-10-11,1268.0
2013-10-10,1296.6
2013-10-09,1306.9
2013-10-08,1324.2
2013-10-07,1324.8
2013-10-04,1309.7
2013-10-03,1317.4
2013-10-02,1320.6
2013-10-01,1286.0
2013-09-30,1326.5
2013-09-27,1338.4
2013-09-26,1323.6
2013-09-25,1335.9
2013-09-24,1316.0
2013-09-23,1326.9
2013-09-20,1332.5
2013-09-19,1369.4
2013-09-18,1307.8
2013-09-17,1309.5
2013-09-16,1317.9
2013-09-13,1308.4
2013-09-12,1330.4
2013-09-11,1363.9
2013-09-10,1364.1
2013-09-09,1386.8
2013-09-06,1386.7
2013-09-05,1373.1
2013-09-04,1389.9
2013-09-03,1412.0
2013-09-02,1393.7
2013-08-30,1396.1
2013-08-29,1412.9
2013-08-28,1419.0
2013-08-27,1420.6
2013-08-26,1393.0
2013-08-23,1395.7
2013-08-22,1371.2
2013-08-21,1370.6
2013-08-20,1373.1
2013-08-19,1366.2
2013-08-16,1371.7
2013-08-15,1361.6
2013-08-14,1334.0
2013-08-13,1321.2
2013-08-12,1334.7
2013-08-09,1312.9
2013-08-08,1310.7
2013-08-07,1286.1
2013-08-06,1283.2
2013-08-05,1302.6
2013-08-02,1310.6
2013-08-01,1311.0
2013-07-31,1312.4
2013-07-30,1324.0
2013-07-29,1328.4
2013-07-26,1321.7
2013-07-25,1329.0
2013-07-24,1319.7
2013-07-23,1335.1
2013-07-22,1336.4
2013-07-19,1293.3
2013-07-18,1284.6
2013-07-17,1277.9
2013-07-16,1290.8
2013-07-15,1283.8
2013-07-12,1277.8
2013-07-11,1280.1
2013-07-10,1247.4
2013-07-09,1245.9
2013-07-08,1234.9
2013-07-05,1212.9
2013-07-04,1247.05
2013-07-03,1252.1
2013-07-02,1243.6
2013-07-01,1255.9
2013-06-28,1223.8
2013-06-27,1211.4
2013-06-26,1229.6
2013-06-25,1274.8
2013-06-24,1276.8
2013-06-21,1291.6
2013-06-20,1285.9
2013-06-19,1373.6
2013-06-18,1366.6
2013-06-17,1382.8
2013-06-14,1387.3
2013-06-13,1377.6
2013-06-12,1391.8
2013-06-11,1377.0
2013-06-10,1386.2
2013-06-07,1383.0
2013-06-06,1415.7
2013-06-05,1398.4
2013-06-04,1397.1
2013-06-03,1411.7
2013-05-31,1392.6
2013-05-30,1411.5
2013-05-29,1391.3
2013-05-28,1379.1
2013-05-27,1395.95
2013-05-24,1386.8
2013-05-23,1392.0
2013-05-22,1367.6
2013-05-21,1377.8
2013-05-20,1384.3
2013-05-17,1364.9
2013-05-16,1387.1
2013-05-15,1396.5
2013-05-14,1424.7
2013-05-13,1434.5
2013-05-10,1436.8
2013-05-09,1468.8
2013-05-08,1473.9
2013-05-07,1449.0
2013-05-06,1468.1
2013-05-03,1464.3
2013-05-02,1467.7
2013-05-01,1446.3
2013-04-30,1472.2
2013-04-29,1467.4
2013-04-26,1453.6
2013-04-25,1461.8
2013-04-24,1423.4
2013-04-23,1408.6
2013-04-22,1421.0
2013-04-19,1395.3
2013-04-18,1392.0
2013-04-17,1382.2
2013-04-16,1386.8
2013-04-15,1360.6
2013-04-12,1501.0
2013-04-11,1564.3
2013-04-10,1558.3
2013-04-09,1586.2
2013-04-08,1572.0
2013-04-05,1575.4
2013-04-04,1551.8
2013-04-03,1552.8
2013-04-02,1575.1
2013-04-01,1600.0
2013-03-28,1594.8
2013-03-27,1606.2
2013-03-26,1595.8
2013-03-25,1604.6
2013-03-22,1606.2
2013-03-21,1613.8
2013-03-20,1607.5
2013-03-19,1611.3
2013-03-18,1604.6
2013-03-15,1592.5
2013-03-14,1590.6
2013-03-13,1588.3
2013-03-12,1591.5
2013-03-11,1577.8
2013-03-08,1576.6
2013-03-07,1574.8
2013-03-06,1574.6
2013-03-05,1574.6
2013-03-04,1572.1
2013-03-01,1571.9
2013-02-28,1577.7
2013-02-27,1595.2
2013-02-26,1615.2
2013-02-25,1586.2
2013-02-22,1572.4
2013-02-21,1578.2
2013-02-20,1577.6
2013-02-19,1603.6
2013-02-15,1608.8
2013-02-14,1634.7
2013-02-13,1644.2
2013-02-12,1648.7
2013-02-11,1648.2
2013-02-08,1666.0
2013-02-07,1670.4
2013-02-06,1677.7
2013-02-05,1672.4
2013-02-04,1675.3
2013-02-01,1669.4
2013-01-31,1660.6
2013-01-30,1679.9
2013-01-29,1660.7
2013-01-28,1652.4
2013-01-25,1656.4
2013-01-24,1669.5
2013-01-23,1686.3
2013-01-22,1692.8
2013-01-18,1686.6
2013-01-17,1690.4
2013-01-16,1682.7
2013-01-15,1683.4
2013-01-14,1668.9
2013-01-11,1660.0
2013-01-10,1677.3
2013-01-09,1654.8
2013-01-08,1661.5
2013-01-07,1645.5
2013-01-04,1648.1
2013-01-03,1673.7
2013-01-02,1687.9
2012-12-31,1674.8
2012-12-28,1654.9
2012-12-27,1662.6
2012-12-26,1659.8
2012-12-24,1658.6
2012-12-21,1659.1
2012-12-20,1644.9
2012-12-19,1666.5
2012-12-18,1669.5
2012-12-17,1697.0
2012-12-14,1695.8
2012-12-13,1695.6
2012-12-12,1716.6
2012-12-11,1708.2
2012-12-10,1713.0
2012-12-07,1704.0
2012-12-06,1700.3
2012-12-05,1692.4
2012-12-04,1694.4
2012-12-03,1719.6
2012-11-30,1710.9
2012-11-29,1727.2
2012-11-28,1716.5
2012-11-27,1742.2
2012-11-26,1749.5
2012-11-23,1751.3
2012-11-21,1727.9
2012-11-20,1723.2
2012-11-19,1734.0
2012-11-16,1714.3
2012-11-15,1713.3
2012-11-14,1729.5
2012-11-13,1724.2
2012-11-12,1730.3
2012-11-09,1730.3
2012-11-08,1725.4
2012-11-07,1713.2
2012-11-06,1714.1
2012-11-05,1682.2
2012-11-02,1674.1
2012-11-01,1714.1
2012-10-31,1717.5
2012-10-30,1710.5
2012-10-29,1707.7
2012-10-26,1710.9
2012-10-25,1712.0
2012-10-24,1700.5
2012-10-23,1708.3
2012-10-22,1725.1
2012-10-19,1722.8
2012-10-18,1743.3
2012-10-17,1751.5
2012-10-16,1744.7
2012-10-15,1736.0
2012-10-12,1758.0
2012-10-11,1768.8
2012-10-10,1763.2
2012-10-09,1763.0
2012-10-08,1773.5
2012-10-05,1778.6
2012-10-04,1794.1
2012-10-03,1777.3
2012-10-02,1772.7
2012-10-01,1780.5
2012-09-28,1771.1
2012-09-27,1777.6
2012-09-26,1750.6
2012-09-25,1763.8
2012-09-24,1762.1
2012-09-21,1775.5
2012-09-20,1767.7
2012-09-19,1769.0
2012-09-18,1768.4
2012-09-17,1767.7
2012-09-14,1769.8
2012-09-13,1769.1
2012-09-12,1730.6
2012-09-11,1731.8
2012-09-10,1728.7
2012-09-07,1737.5
2012-09-06,1702.6
2012-09-05,1690.8
2012-09-04,1692.9
2012-08-31,1684.6
2012-08-30,1653.5
2012-08-29,1659.8
2012-08-28,1666.5
2012-08-27,1672.4
2012-08-24,1669.8
2012-08-23,1669.6
2012-08-22,1637.4
2012-08-21,1639.9
2012-08-20,1620.1
2012-08-17,1616.3
2012-08-16,1616.1
2012-08-15,1603.7
2012-08-14,1599.4
2012-08-13,1609.6
2012-08-10,1619.7
2012-08-09,1617.1
2012-08-08,1612.9
2012-08-07,1609.7
2012-08-06,1612.9
2012-08-03,1606.0
2012-08-02,1587.4
2012-08-01,1603.7
2012-07-31,1610.5
2012-07-30,1619.7
2012-07-27,1617.9
2012-07-26,1615.0
2012-07-25,1608.0
2012-07-24,1576.0
2012-07-23,1577.1
2012-07-20,1582.5
2012-07-19,1580.1
2012-07-18,1570.4
2012-07-17,1589.1
2012-07-16,1591.2
2012-07-13,1591.6
2012-07-12,1564.9
2012-07-11,1575.2
2012-07-10,1579.3
2012-07-09,1588.6
2012-07-06,1578.4
2012-07-05,1608.9
2012-07-03,1621.3
2012-07-02,1597.2
2012-06-29,1603.5
2012-06-28,1549.7
2012-06-27,1577.5
2012-06-26,1574.0
2012-06-25,1587.5
2012-06-22,1566.0
2012-06-21,1564.5
2012-06-20,1614.8
2012-06-19,1622.2
2012-06-18,1625.7
2012-06-15,1627.0
2012-06-14,1618.4
2012-06-13,1618.1
2012-06-12,1612.7
2012-06-11,1595.5
2012-06-08,1590.1
2012-06-07,1586.6
2012-06-06,1632.8
2012-06-05,1615.2
2012-06-04,1612.2
2012-06-01,1620.5
2012-05-31,1562.6
2012-05-30,1563.4
2012-05-29,1548.6
2012-05-25,1568.8
2012-05-24,1557.3
2012-05-23,1548.1
2012-05-22,1576.3
2012-05-21,1588.4
2012-05-18,1591.6
2012-05-17,1574.5
2012-05-16,1536.2
2012-05-15,1556.8
2012-05-14,1560.6
2012-05-11,1583.6
2012-05-10,1595.1
2012-05-09,1593.7
2012-05-08,1604.0
2012-05-07,1638.6
2012-05-04,1644.7
2012-05-03,1634.2
2012-05-02,1653.4
2012-05-01,1661.7
2012-04-30,1663.4
2012-04-27,1664.0
2012-04-26,1659.6
2012-04-25,1641.4
2012-04-24,1643.0
2012-04-23,1631.9
2012-04-20,1642.1
2012-04-19,1640.6
2012-04-18,1638.8
2012-04-17,1650.3
2012-04-16,1648.7
2012-04-13,1659.1
2012-04-12,1679.5
2012-04-11,1659.0
2012-04-10,1659.5
2012-04-09,1642.5
2012-04-05,1628.5
2012-04-04,1612.3
2012-04-03,1670.0
2012-04-02,1677.5
2012-03-30,1669.3
2012-03-29,1652.2
2012-03-28,1657.9
2012-03-27,1684.8
2012-03-26,1685.5
2012-03-23,1662.3
2012-03-22,1642.3
2012-03-21,1650.0
2012-03-20,1646.7
2012-03-19,1666.9
2012-03-16,1655.5
2012-03-15,1659.1
2012-03-14,1642.5
2012-03-13,1693.7
2012-03-12,1699.2
2012-03-09,1710.9
2012-03-08,1698.1
2012-03-07,1683.3
2012-03-06,1671.4
2012-03-05,1703.0
2012-03-02,1708.8
2012-03-01,1721.1
2012-02-29,1709.9
2012-02-28,1787.0
2012-02-27,1773.6
2012-02-24,1775.1
2012-02-23,1784.9
2012-02-22,1770.0
2012-02-21,1757.1
2012-02-17,1724.5
2012-02-16,1726.8
2012-02-15,1726.3
2012-02-14,1715.9
2012-02-13,1723.0
2012-02-10,1723.3
2012-02-09,1739.0
2012-02-08,1729.3
2012-02-07,1746.4
2012-02-06,1722.8
2012-02-03,1737.9
2012-02-02,1756.8
2012-02-01,1747.1
2012-01-31,1737.8
2012-01-30,1731.0
2012-01-27,1731.8
2012-01-26,1726.3
2012-01-25,1699.8
2012-01-24,1664.2
2012-01-23,1678.0
2012-01-20,1663.7
2012-01-19,1654.1
2012-01-18,1659.5
2012-01-17,1655.2
2012-01-13,1630.4
2012-01-12,1647.3
2012-01-11,1639.2
2012-01-10,1631.0
2012-01-09,1607.5
2012-01-06,1616.1
2012-01-05,1619.4
2012-01-04,1611.9
2012-01-03,1599.7
2011-12-30,1565.8
2011-12-29,1539.9
2011-12-28,1562.9
2011-12-27,1594.2
2011-12-23,1604.7
2011-12-22,1608.9
2011-12-21,1611.9
2011-12-20,1615.6
2011-12-19,1594.4
2011-12-16,1595.6
2011-12-15,1574.6
2011-12-14,1584.3
2011-12-13,1659.9
2011-12-12,1664.2
2011-12-09,1712.8
2011-12-08,1709.8
2011-12-07,1740.9
2011-12-06,1727.9
2011-12-05,1730.7
2011-12-02,1747.0
2011-12-01,1735.3
2011-11-30,1745.5
2011-11-29,1713.4
2011-11-28,1710.8
2011-11-25,1685.5
2011-11-23,1695.7
2011-11-22,1702.2
2011-11-21,1678.3
2011-11-18,1724.7
2011-11-17,1719.8
2011-11-16,1773.8
2011-11-15,1781.7
2011-11-14,1777.8
2011-11-11,1787.5
2011-11-10,1758.9
2011-11-09,1790.9
2011-11-08,1798.4
2011-11-07,1790.3
2011-11-04,1755.3
2011-11-03,1764.2
2011-11-02,1728.7
2011-11-01,1711.0
2011-10-31,1724.2
2011-10-28,1746.2
2011-10-27,1746.7
2011-10-26,1722.7
2011-10-25,1699.6
2011-10-24,1651.5
2011-10-21,1635.1
2011-10-20,1611.9
2011-10-19,1646.0
2011-10-18,1651.7
2011-10-17,1675.5
2011-10-14,1681.8
2011-10-13,1667.3
2011-10-12,1681.3
2011-10-11,1659.7
2011-10-10,1669.6
2011-10-07,1634.5
2011-10-06,1651.9
2011-10-05,1640.3
2011-10-04,1614.7
2011-10-03,1656.0
2011-09-30,1620.4
2011-09-29,1615.5
2011-09-28,1616.3
2011-09-27,1650.6
2011-09-26,1592.5
2011-09-23,1637.5
2011-09-22,1739.2
2011-09-21,1805.5
2011-09-20,1806.6
2011-09-19,1776.4
2011-09-16,1812.1
2011-09-15,1778.5
2011-09-14,1823.5
2011-09-13,1826.8
2011-09-12,1809.9
2011-09-09,1856.4
2011-09-08,1854.4
2011-09-07,1814.2
2011-09-06,1869.9
2011-09-02,1873.7
2011-09-01,1826.0
2011-08-31,1828.5
2011-08-30,1826.7
2011-08-29,1788.4
2011-08-26,1794.1
2011-08-25,1759.8
2011-08-24,1754.1
2011-08-23,1858.3
2011-08-22,1888.7
2011-08-19,1848.9
2011-08-18,1818.9
2011-08-17,1791.2
2011-08-16,1782.4
2011-08-15,1755.5
2011-08-12,1740.2
2011-08-11,1748.8
2011-08-10,1781.3
2011-08-09,1740.0
2011-08-08,1710.2
2011-08-05,1648.8
2011-08-04,1656.2
2011-08-03,1663.4
2011-08-02,1641.9
2011-08-01,1619.0
2011-07-29,1628.3
2011-07-28,1613.4
2011-07-27,1615.0
2011-07-26,1616.6
2011-07-25,1612.0
2011-07-22,1601.3
2011-07-21,1586.8
2011-07-20,1596.7
2011-07-19,1600.9
2011-07-18,1602.1
2011-07-15,1589.8
2011-07-14,1589.0
2011-07-13,1585.2
2011-07-12,1561.9
2011-07-11,1548.8
2011-07-08,1541.2
2011-07-07,1530.2
2011-07-06,1528.7
2011-07-05,1512.3
2011-07-01,1482.3
2011-06-30,1502.3
2011-06-29,1509.9
2011-06-28,1499.7
2011-06-27,1496.0
2011-06-24,1500.5
2011-06-23,1520.1
2011-06-22,1552.9
2011-06-21,1546.0
2011-06-20,1541.5
2011-06-17,1538.6
2011-06-16,1529.3
2011-06-15,1525.6
2011-06-14,1523.8
2011-06-13,1515.0
2011-06-10,1528.6
2011-06-09,1542.1
2011-06-08,1538.1
2011-06-07,1543.3
2011-06-06,1546.5
2011-06-03,1541.7
2011-06-02,1532.0
2011-06-01,1542.4
2011-05-31,1535.9
2011-05-27,1536.3
2011-05-26,1522.8
2011-05-25,1526.6
2011-05-24,1523.2
2011-05-23,1515.3
2011-05-20,1508.8
2011-05-19,1492.2
2011-05-18,1495.6
2011-05-17,1479.8
2011-05-16,1490.4
2011-05-13,1493.4
2011-05-12,1506.6
2011-05-11,1501.1
2011-05-10,1516.6
2011-05-09,1502.9
2011-05-06,1491.2
2011-05-05,1480.9
2011-05-04,1514.9
2011-05-03,1540.1
2011-05-02,1556.7
2011-04-29,1556.0
2011-04-28,1530.8
2011-04-27,1516.7
2011-04-26,1503.0
2011-04-25,1508.6
2011-04-21,1503.2
2011-04-20,1498.3
2011-04-19,1494.5
2011-04-18,1492.3
2011-04-15,1485.3
2011-04-14,1471.7
2011-04-13,1454.9
2011-04-12,1452.9
2011-04-11,1467.4
2011-04-08,1473.4
2011-04-07,1458.5
2011-04-06,1457.7
2011-04-05,1451.8
2011-04-04,1432.2
2011-04-01,1428.1
2011-03-31,1438.9
2011-03-30,1423.8
2011-03-29,1416.0
2011-03-28,1419.8
2011-03-25,1426.1
2011-03-24,1434.8
2011-03-23,1437.9
2011-03-22,1427.5
2011-03-21,1426.2
2011-03-18,1415.9
2011-03-17,1404.0
2011-03-16,1396.0
2011-03-15,1392.6
2011-03-14,1424.6
2011-03-11,1421.5
2011-03-10,1412.2
2011-03-09,1429.3
2011-03-08,1426.9
2011-03-07,1434.1
2011-03-04,1428.2
2011-03-03,1416.0
2011-03-02,1437.2
2011-03-01,1430.7
2011-02-28,1409.3
2011-02-25,1408.7
2011-02-24,1415.3
2011-02-23,1413.4
2011-02-22,1400.5
2011-02-18,1388.2
2011-02-17,1384.7
2011-02-16,1374.7
2011-02-15,1373.6
2011-02-14,1364.6
2011-02-11,1359.9
2011-02-10,1361.9
2011-02-09,1364.8
2011-02-08,1363.4
2011-02-07,1347.6
2011-02-04,1348.3
2011-02-03,1352.3
2011-02-02,1331.5
2011-02-01,1339.6
2011-01-31,1333.8
2011-01-28,1340.7
2011-01-27,1318.4
2011-01-26,1333.0
2011-01-25,1332.3
2011-01-24,1344.5
2011-01-21,1341.0
2011-01-20,1346.5
2011-01-19,1370.2
2011-01-18,1368.1
2011-01-14,1360.4
2011-01-13,1386.9
2011-01-12,1385.7
2011-01-11,1384.0
2011-01-10,1373.7
2011-01-07,1368.5
2011-01-06,1371.4
2011-01-05,1373.4
2011-01-04,1378.5
2011-01-03,1422.6
2010-12-31,1421.1
2010-12-30,1405.6
2010-12-29,1413.1
2010-12-28,1405.2
2010-12-27,1382.4
2010-12-23,1380.0
2010-12-22,1386.8
2010-12-21,1388.2
2010-12-20,1385.5
2010-12-17,1378.6
2010-12-16,1370.4
2010-12-15,1385.5
2010-12-14,1403.6
2010-12-13,1397.3
2010-12-10,1384.3
2010-12-09,1392.1
2010-12-08,1382.5
2010-12-07,1408.3
2010-12-06,1415.3
2010-12-03,1405.4
2010-12-02,1388.5
2010-12-01,1387.3
2010-11-30,1385.0
2010-11-29,1366.0
2010-11-26,1362.3
2010-11-24,1372.9
2010-11-23,1377.5
2010-11-22,1357.7
2010-11-19,1352.2
2010-11-18,1352.9
2010-11-17,1336.8
2010-11-16,1338.3
2010-11-15,1368.4
2010-11-12,1365.4
2010-11-11,1403.1
2010-11-10,1399.1
2010-11-09,1409.8
2010-11-08,1402.8
2010-11-05,1397.3
2010-11-04,1382.7
2010-11-03,1337.1
2010-11-02,1356.4
2010-11-01,1350.2
2010-10-29,1357.1
2010-10-28,1342.1
2010-10-27,1322.2
2010-10-26,1338.0
2010-10-25,1338.3
2010-10-22,1324.4
2010-10-21,1324.7
2010-10-20,1343.3
2010-10-19,1335.1
2010-10-18,1371.2
2010-10-15,1371.1
2010-10-14,1376.7
2010-10-13,1369.5
2010-10-12,1345.7
2010-10-11,1353.3
2010-10-08,1344.2
2010-10-07,1333.9
2010-10-06,1346.4
2010-10-05,1338.9
2010-10-04,1315.4
2010-10-01,1316.1
2010-09-30,1307.8
2010-09-29,1308.5
2010-09-28,1306.6
2010-09-27,1296.7
2010-09-24,1296.0
2010-09-23,1294.3
2010-09-22,1290.2
2010-09-21,1272.4
2010-09-20,1279.0
2010-09-17,1275.6
2010-09-16,1271.9
2010-09-15,1266.7
2010-09-14,1269.7
2010-09-13,1245.1
2010-09-10,1244.5
2010-09-09,1248.9
2010-09-08,1255.6
2010-09-07,1257.3
2010-09-03,1249.2
2010-09-02,1251.5
2010-09-01,1246.3
2010-08-31,1248.3
2010-08-30,1237.1
2010-08-27,1236.0
2010-08-26,1235.4
2010-08-25,1239.5
2010-08-24,1231.8
2010-08-23,1226.9
2010-08-20,1227.2
2010-08-19,1233.8
2010-08-18,1229.7
2010-08-17,1226.6
2010-08-16,1224.5
2010-08-13,1214.9
2010-08-12,1214.8
2010-08-11,1197.5
2010-08-10,1196.2
2010-08-09,1200.7
2010-08-06,1203.4
2010-08-05,1197.2
2010-08-04,1193.7
2010-08-03,1185.2
2010-08-02,1183.4
2010-07-30,1181.7
2010-07-29,1168.4
2010-07-28,1160.4
2010-07-27,1158.0
2010-07-26,1183.0
2010-07-23,1187.7
2010-07-22,1195.5
2010-07-21,1191.6
2010-07-20,1191.5
2010-07-19,1181.7
2010-07-16,1188.0
2010-07-15,1208.1
2010-07-14,1206.8
2010-07-13,1213.3
2010-07-12,1198.5
2010-07-09,1209.6
2010-07-08,1195.8
2010-07-07,1198.6
2010-07-06,1194.8
2010-07-02,1207.4
2010-07-01,1206.3
2010-06-30,1245.5
2010-06-29,1242.0
2010-06-28,1238.2
2010-06-25,1255.8
2010-06-24,1245.5
2010-06-23,1234.1
2010-06-22,1239.9
2010-06-21,1239.7
2010-06-18,1257.2
2010-06-17,1247.5
2010-06-16,1229.3
2010-06-15,1233.2
2010-06-14,1223.3
2010-06-11,1228.9
2010-06-10,1220.8
2010-06-09,1228.5
2010-06-08,1244.0
2010-06-07,1239.3
2010-06-04,1216.2
2010-06-03,1208.3
2010-06-02,1220.6
2010-06-01,1224.8
2010-05-28,1212.2
2010-05-27,1211.9
2010-05-26,1213.3
2010-05-25,1197.8
2010-05-24,1193.8
2010-05-21,1175.7
2010-05-20,1187.8
2010-05-19,1192.6
2010-05-18,1214.3
2010-05-17,1227.7
2010-05-14,1227.4
2010-05-13,1228.8
2010-05-12,1242.7
2010-05-11,1219.9
2010-05-10,1200.4
2010-05-07,1210.0
2010-05-06,1196.9
2010-05-05,1174.6
2010-05-04,1168.6
2010-05-03,1182.7
2010-04-30,1180.1
2010-04-29,1168.4
2010-04-28,1171.3
2010-04-27,1161.7
2010-04-26,1153.5
2010-04-23,1153.1
2010-04-22,1142.3
2010-04-21,1148.2
2010-04-20,1138.6
2010-04-19,1135.2
2010-04-16,1136.3
2010-04-15,1159.7
2010-04-14,1159.0
2010-04-13,1152.8
2010-04-12,1161.6
2010-04-09,1161.1
2010-04-08,1152.2
2010-04-07,1152.3
2010-04-06,1135.1
2010-04-05,1132.9
2010-04-01,1125.1
2010-03-31,1113.3
2010-03-30,1104.5
2010-03-29,1110.3
2010-03-26,1104.2
2010-03-25,1092.7
2010-03-24,1088.6
2010-03-23,1103.5
2010-03-22,1099.3
2010-03-19,1107.4
2010-03-18,1127.4
2010-03-17,1124.0
2010-03-16,1122.2
2010-03-15,1105.1
2010-03-12,1101.5
2010-03-11,1108.0
2010-03-10,1107.8
2010-03-09,1122.0
2010-03-08,1123.6
2010-03-05,1134.8
2010-03-04,1132.6
2010-03-03,1142.7
2010-03-02,1136.9
2010-03-01,1117.8
2010-02-26,1118.3
2010-02-25,1107.8
2010-02-24,1096.5
2010-02-23,1102.7
2010-02-22,1112.6
2010-02-19,1121.3
2010-02-18,1118.0
2010-02-17,1119.5
2010-02-16,1119.3
2010-02-12,1089.5
2010-02-11,1094.2
2010-02-10,1075.8
2010-02-09,1076.7
2010-02-08,1065.7
2010-02-05,1052.2
2010-02-04,1062.4
2010-02-03,1111.4
2010-02-02,1117.4
2010-02-01,1104.3
2010-01-29,1083.0
2010-01-28,1083.6
2010-01-27,1084.4
2010-01-26,1097.9
2010-01-25,1095.2
2010-01-22,1089.2
2010-01-21,1102.7
2010-01-20,1112.3
2010-01-19,1139.7
2010-01-15,1130.1
2010-01-14,1142.6
2010-01-13,1136.4
2010-01-12,1128.9
2010-01-11,1150.7
2010-01-08,1138.2
2010-01-07,1133.1
2010-01-06,1135.9
2010-01-05,1118.1
2010-01-04,1117.7
